state,abbr,recovery_months_predicted,recovery_months_low,recovery_months_high,instability_tier,prob_LOW,prob_MODERATE,prob_HIGH,prob_CRITICAL,drpi_score,drpi_risk_tier,avg_disaster_exposure_12m,avg_damage_per_capita,fiscal_capacity_per_capita,compound_vulnerability_index,cvi_labor,cvi_disaster,cvi_damage,cvi_fiscal,cvi_structure,avg_unemployment_rate,unemployment_volatility_excl_covid,baseline_unemployment,unemployment_shock_magnitude,service_share_pct,industry_share_pct,natres_share_pct,govt_share_pct,economic_profile,profile_benchmark_months,recovery_months,narrative,keywords
Louisiana,LA,16.8,10.4,23.2,LOW,0.451,0.217,0.161,0.171,68.2,HIGH,92.25,553.8569,9565.0,0.5988,0.2535,0.7043,1.0,0.7277,0.3344,5.8028,1.3325,4.82,8.18,50.27,26.05,4.56,11.2,Resource-Intensive,14.4,16.0,"Louisiana received a DRPI score of 68.2 out of 100 (HIGH tier), based on data from FEMA, BLS, NOAA, BEA, and the U.S. Census (2010–2024). The Ridge Regression model (LOO-CV R²=0.14) estimates a labor market stabilization period of 17 months following a major disaster event (90% prediction interval: 10–23 months). The state recorded an average FEMA disaster exposure of 92.2 declarations per 12-month window and average per-capita damage of $554. Its Compound Vulnerability Index (CVI) is 0.599 and fiscal capacity stands at $9,565 per capita. The labor instability classifier assigned a LOW tier, based on an unemployment shock of +8.2 percentage points recorded during the COVID-19 period. The state's economic structure is classified as Resource-Intensive (50% service sector share of GDP).","drpi-high, recovery-17mo, instability-low, resource-intensive, cvi-0.60"
Florida,FL,17.8,11.4,24.2,CRITICAL,0.051,0.166,0.209,0.574,65.4,HIGH,78.5444,144.8419,6339.0,0.6766,0.821,0.5978,0.2592,0.9846,0.8161,5.8506,2.7566,3.24,9.66,68.26,12.21,0.64,9.7,Service-Dominated,16.2,19.0,"Florida received a DRPI score of 65.4 out of 100 (HIGH tier), based on data from FEMA, BLS, NOAA, BEA, and the U.S. Census (2010–2024). The Ridge Regression model (LOO-CV R²=0.14) estimates a labor market stabilization period of 18 months following a major disaster event (90% prediction interval: 11–24 months). The state recorded an average FEMA disaster exposure of 78.5 declarations per 12-month window and average per-capita damage of $145. Its Compound Vulnerability Index (CVI) is 0.677 and fiscal capacity stands at $6,339 per capita. The labor instability classifier assigned a CRITICAL tier, based on an unemployment shock of +9.7 percentage points recorded during the COVID-19 period. The state's economic structure is classified as Service-Dominated (68% service sector share of GDP).","drpi-high, recovery-18mo, instability-critical, service-dominated, cvi-0.68"
California,CA,21.3,14.9,27.7,CRITICAL,0.025,0.08,0.18,0.715,60.1,HIGH,48.5722,42.9295,12163.0,0.5101,0.8776,0.3649,0.0746,0.5209,0.7095,7.1867,2.8987,4.21,11.49,64.28,15.85,1.57,10.94,Service-Dominated,16.2,23.0,"California received a DRPI score of 60.1 out of 100 (HIGH tier), based on data from FEMA, BLS, NOAA, BEA, and the U.S. Census (2010–2024). The Ridge Regression model (LOO-CV R²=0.14) estimates a labor market stabilization period of 21 months following a major disaster event (90% prediction interval: 15–28 months). The state recorded an average FEMA disaster exposure of 48.6 declarations per 12-month window and average per-capita damage of $43. Its Compound Vulnerability Index (CVI) is 0.510 and fiscal capacity stands at $12,163 per capita. The labor instability classifier assigned a CRITICAL tier, based on an unemployment shock of +11.5 percentage points recorded during the COVID-19 period. The state's economic structure is classified as Service-Dominated (64% service sector share of GDP).","drpi-high, recovery-21mo, instability-critical, service-dominated, cvi-0.51"
Texas,TX,12.6,6.2,19.0,MODERATE,0.164,0.304,0.275,0.257,57.6,HIGH,130.3167,200.8941,6894.0,0.6303,0.3616,1.0,0.3607,0.9404,0.5111,5.3861,1.6038,3.62,8.68,56.87,18.07,8.32,9.71,Resource-Intensive,14.4,20.0,"Texas received a DRPI score of 57.6 out of 100 (HIGH tier), based on data from FEMA, BLS, NOAA, BEA, and the U.S. Census (2010–2024). The Ridge Regression model (LOO-CV R²=0.14) estimates a labor market stabilization period of 13 months following a major disaster event (90% prediction interval: 6–19 months). The state recorded an average FEMA disaster exposure of 130.3 declarations per 12-month window and average per-capita damage of $201. Its Compound Vulnerability Index (CVI) is 0.630 and fiscal capacity stands at $6,894 per capita. The labor instability classifier assigned a MODERATE tier, based on an unemployment shock of +8.7 percentage points recorded during the COVID-19 period. The state's economic structure is classified as Resource-Intensive (57% service sector share of GDP).","drpi-high, recovery-13mo, instability-moderate, resource-intensive, cvi-0.63"
New Jersey,NJ,22.0,15.6,28.4,CRITICAL,0.04,0.149,0.205,0.605,57.4,HIGH,18.9167,199.979,10907.0,0.4896,0.6551,0.1345,0.3591,0.6209,0.8482,6.3433,2.3403,3.64,10.76,69.46,13.42,0.25,9.79,Service-Dominated,16.2,24.0,"New Jersey received a DRPI score of 57.4 out of 100 (HIGH tier), based on data from FEMA, BLS, NOAA, BEA, and the U.S. Census (2010–2024). The Ridge Regression model (LOO-CV R²=0.14) estimates a labor market stabilization period of 22 months following a major disaster event (90% prediction interval: 16–28 months). The state recorded an average FEMA disaster exposure of 18.9 declarations per 12-month window and average per-capita damage of $200. Its Compound Vulnerability Index (CVI) is 0.490 and fiscal capacity stands at $10,907 per capita. The labor instability classifier assigned a CRITICAL tier, based on an unemployment shock of +10.8 percentage points recorded during the COVID-19 period. The state's economic structure is classified as Service-Dominated (69% service sector share of GDP).","drpi-high, recovery-22mo, instability-critical, service-dominated, cvi-0.49"
Georgia,GA,15.2,8.8,21.6,HIGH,0.111,0.294,0.335,0.26,56.4,HIGH,89.7333,56.1821,6145.0,0.6359,0.7471,0.6847,0.0986,1.0,0.7216,5.9389,2.5711,3.57,8.33,64.73,16.38,0.86,10.66,Service-Dominated,16.2,12.0,"Georgia received a DRPI score of 56.4 out of 100 (HIGH tier), based on data from FEMA, BLS, NOAA, BEA, and the U.S. Census (2010–2024). The Ridge Regression model (LOO-CV R²=0.14) estimates a labor market stabilization period of 15 months following a major disaster event (90% prediction interval: 9–22 months). The state recorded an average FEMA disaster exposure of 89.7 declarations per 12-month window and average per-capita damage of $56. Its Compound Vulnerability Index (CVI) is 0.636 and fiscal capacity stands at $6,145 per capita. The labor instability classifier assigned a HIGH tier, based on an unemployment shock of +8.3 percentage points recorded during the COVID-19 period. The state's economic structure is classified as Service-Dominated (65% service sector share of GDP).","drpi-high, recovery-15mo, instability-high, service-dominated, cvi-0.64"
North Carolina,NC,16.3,9.9,22.7,CRITICAL,0.031,0.091,0.164,0.713,54.9,HIGH,77.3556,52.0227,8115.0,0.5773,0.7797,0.5885,0.0911,0.8432,0.6037,6.0578,2.6531,3.83,9.97,60.33,20.15,0.96,12.34,Industry-Intensive,11.5,17.0,"North Carolina received a DRPI score of 54.9 out of 100 (HIGH tier), based on data from FEMA, BLS, NOAA, BEA, and the U.S. Census (2010–2024). The Ridge Regression model (LOO-CV R²=0.14) estimates a labor market stabilization period of 16 months following a major disaster event (90% prediction interval: 10–23 months). The state recorded an average FEMA disaster exposure of 77.4 declarations per 12-month window and average per-capita damage of $52. Its Compound Vulnerability Index (CVI) is 0.577 and fiscal capacity stands at $8,115 per capita. The labor instability classifier assigned a CRITICAL tier, based on an unemployment shock of +10.0 percentage points recorded during the COVID-19 period. The state's economic structure is classified as Industry-Intensive (60% service sector share of GDP).","drpi-high, recovery-16mo, instability-critical, industry-intensive, cvi-0.58"
Rhode Island,RI,22.4,16.0,28.8,CRITICAL,0.017,0.143,0.22,0.621,52.4,HIGH,4.8556,6.9197,11261.0,0.4553,0.9692,0.0253,0.0094,0.5927,0.7727,6.6011,3.1285,3.51,13.99,66.64,13.02,0.3,13.17,Service-Dominated,16.2,19.0,"Rhode Island received a DRPI score of 52.4 out of 100 (HIGH tier), based on data from FEMA, BLS, NOAA, BEA, and the U.S. Census (2010–2024). The Ridge Regression model (LOO-CV R²=0.14) estimates a labor market stabilization period of 22 months following a major disaster event (90% prediction interval: 16–29 months). The state recorded an average FEMA disaster exposure of 4.9 declarations per 12-month window and average per-capita damage of $7. Its Compound Vulnerability Index (CVI) is 0.455 and fiscal capacity stands at $11,261 per capita. The labor instability classifier assigned a CRITICAL tier, based on an unemployment shock of +14.0 percentage points recorded during the COVID-19 period. The state's economic structure is classified as Service-Dominated (67% service sector share of GDP).","drpi-high, recovery-22mo, instability-critical, service-dominated, cvi-0.46"
New York,NY,21.5,15.1,27.9,HIGH,0.054,0.218,0.571,0.157,49.5,MODERATE,36.1833,8.3567,13219.0,0.4056,0.482,0.2687,0.012,0.4368,1.0,6.1489,1.906,3.95,11.25,75.13,8.61,0.23,10.01,Service-Dominated,16.2,24.0,"New York received a DRPI score of 49.5 out of 100 (MODERATE tier), based on data from FEMA, BLS, NOAA, BEA, and the U.S. Census (2010–2024). The Ridge Regression model (LOO-CV R²=0.14) estimates a labor market stabilization period of 22 months following a major disaster event (90% prediction interval: 15–28 months). The state recorded an average FEMA disaster exposure of 36.2 declarations per 12-month window and average per-capita damage of $8. Its Compound Vulnerability Index (CVI) is 0.406 and fiscal capacity stands at $13,219 per capita. The labor instability classifier assigned a HIGH tier, based on an unemployment shock of +11.2 percentage points recorded during the COVID-19 period. The state's economic structure is classified as Service-Dominated (75% service sector share of GDP).","drpi-moderate, recovery-22mo, instability-high, service-dominated, cvi-0.41"
South Carolina,SC,16.5,10.1,22.9,CRITICAL,0.154,0.219,0.185,0.441,47.2,MODERATE,49.85,25.2693,8980.0,0.5029,0.838,0.3749,0.0426,0.7743,0.4999,5.7078,2.7994,2.72,8.28,56.45,21.32,0.74,14.1,Industry-Intensive,11.5,19.0,"South Carolina received a DRPI score of 47.2 out of 100 (MODERATE tier), based on data from FEMA, BLS, NOAA, BEA, and the U.S. Census (2010–2024). The Ridge Regression model (LOO-CV R²=0.14) estimates a labor market stabilization period of 16 months following a major disaster event (90% prediction interval: 10–23 months). The state recorded an average FEMA disaster exposure of 49.9 declarations per 12-month window and average per-capita damage of $25. Its Compound Vulnerability Index (CVI) is 0.503 and fiscal capacity stands at $8,980 per capita. The labor instability classifier assigned a CRITICAL tier, based on an unemployment shock of +8.3 percentage points recorded during the COVID-19 period. The state's economic structure is classified as Industry-Intensive (56% service sector share of GDP).","drpi-moderate, recovery-16mo, instability-critical, industry-intensive, cvi-0.50"
Missouri,MO,14.9,8.5,21.3,MODERATE,0.186,0.37,0.243,0.2,47.2,MODERATE,71.0222,57.4568,7438.0,0.5397,0.6091,0.5393,0.1009,0.8971,0.6522,5.1783,2.2248,3.25,7.65,62.14,17.63,1.63,10.95,Service-Dominated,16.2,17.0,"Missouri received a DRPI score of 47.2 out of 100 (MODERATE tier), based on data from FEMA, BLS, NOAA, BEA, and the U.S. Census (2010–2024). The Ridge Regression model (LOO-CV R²=0.14) estimates a labor market stabilization period of 15 months following a major disaster event (90% prediction interval: 8–21 months). The state recorded an average FEMA disaster exposure of 71.0 declarations per 12-month window and average per-capita damage of $57. Its Compound Vulnerability Index (CVI) is 0.540 and fiscal capacity stands at $7,438 per capita. The labor instability classifier assigned a MODERATE tier, based on an unemployment shock of +7.7 percentage points recorded during the COVID-19 period. The state's economic structure is classified as Service-Dominated (62% service sector share of GDP).","drpi-moderate, recovery-15mo, instability-moderate, service-dominated, cvi-0.54"
Michigan,MI,19.5,13.1,25.9,CRITICAL,0.006,0.034,0.227,0.733,46.7,MODERATE,15.6833,32.3967,9216.0,0.4554,0.8585,0.1094,0.0555,0.7555,0.5936,6.6467,2.8508,3.96,18.54,59.95,22.43,1.09,10.09,Industry-Intensive,11.5,19.0,"Michigan received a DRPI score of 46.7 out of 100 (MODERATE tier), based on data from FEMA, BLS, NOAA, BEA, and the U.S. Census (2010–2024). The Ridge Regression model (LOO-CV R²=0.14) estimates a labor market stabilization period of 20 months following a major disaster event (90% prediction interval: 13–26 months). The state recorded an average FEMA disaster exposure of 15.7 declarations per 12-month window and average per-capita damage of $32. Its Compound Vulnerability Index (CVI) is 0.455 and fiscal capacity stands at $9,216 per capita. The labor instability classifier assigned a CRITICAL tier, based on an unemployment shock of +18.5 percentage points recorded during the COVID-19 period. The state's economic structure is classified as Industry-Intensive (60% service sector share of GDP).","drpi-moderate, recovery-20mo, instability-critical, industry-intensive, cvi-0.46"
Nevada,NV,19.5,13.1,25.9,CRITICAL,0.019,0.069,0.174,0.737,46.5,MODERATE,9.3389,7.7065,8215.0,0.4613,1.0,0.0601,0.0108,0.8352,0.4589,7.9083,3.2059,4.38,25.72,54.92,13.73,2.34,9.94,Service-Dominated,16.2,20.0,"Nevada received a DRPI score of 46.5 out of 100 (MODERATE tier), based on data from FEMA, BLS, NOAA, BEA, and the U.S. Census (2010–2024). The Ridge Regression model (LOO-CV R²=0.14) estimates a labor market stabilization period of 20 months following a major disaster event (90% prediction interval: 13–26 months). The state recorded an average FEMA disaster exposure of 9.3 declarations per 12-month window and average per-capita damage of $8. Its Compound Vulnerability Index (CVI) is 0.461 and fiscal capacity stands at $8,215 per capita. The labor instability classifier assigned a CRITICAL tier, based on an unemployment shock of +25.7 percentage points recorded during the COVID-19 period. The state's economic structure is classified as Service-Dominated (55% service sector share of GDP).","drpi-moderate, recovery-20mo, instability-critical, service-dominated, cvi-0.46"
Alabama,AL,16.0,9.6,22.4,CRITICAL,0.044,0.063,0.157,0.736,45.3,MODERATE,48.1278,69.1766,8926.0,0.4845,0.7633,0.3615,0.1222,0.7786,0.4137,5.5717,2.6119,3.12,9.98,53.23,23.04,1.87,15.74,Industry-Intensive,11.5,12.0,"Alabama received a DRPI score of 45.3 out of 100 (MODERATE tier), based on data from FEMA, BLS, NOAA, BEA, and the U.S. Census (2010–2024). The Ridge Regression model (LOO-CV R²=0.14) estimates a labor market stabilization period of 16 months following a major disaster event (90% prediction interval: 10–22 months). The state recorded an average FEMA disaster exposure of 48.1 declarations per 12-month window and average per-capita damage of $69. Its Compound Vulnerability Index (CVI) is 0.484 and fiscal capacity stands at $8,926 per capita. The labor instability classifier assigned a CRITICAL tier, based on an unemployment shock of +10.0 percentage points recorded during the COVID-19 period. The state's economic structure is classified as Industry-Intensive (53% service sector share of GDP).","drpi-moderate, recovery-16mo, instability-critical, industry-intensive, cvi-0.48"
Tennessee,TN,15.7,9.3,22.1,CRITICAL,0.03,0.107,0.151,0.713,45.3,MODERATE,50.1611,75.9428,7012.0,0.5159,0.6618,0.3773,0.1344,0.931,0.5976,5.5911,2.3572,3.37,11.63,60.1,18.37,0.7,10.13,Service-Dominated,16.2,17.0,"Tennessee received a DRPI score of 45.3 out of 100 (MODERATE tier), based on data from FEMA, BLS, NOAA, BEA, and the U.S. Census (2010–2024). The Ridge Regression model (LOO-CV R²=0.14) estimates a labor market stabilization period of 16 months following a major disaster event (90% prediction interval: 9–22 months). The state recorded an average FEMA disaster exposure of 50.2 declarations per 12-month window and average per-capita damage of $76. Its Compound Vulnerability Index (CVI) is 0.516 and fiscal capacity stands at $7,012 per capita. The labor instability classifier assigned a CRITICAL tier, based on an unemployment shock of +11.6 percentage points recorded during the COVID-19 period. The state's economic structure is classified as Service-Dominated (60% service sector share of GDP).","drpi-moderate, recovery-16mo, instability-critical, service-dominated, cvi-0.52"
Hawaii,HI,21.4,15.0,27.8,CRITICAL,0.193,0.326,0.132,0.35,44.9,MODERATE,3.4111,263.3115,13901.0,0.309,0.3466,0.0141,0.4738,0.3825,0.445,4.5706,1.5661,2.38,19.72,54.4,9.8,0.58,20.15,Government-Intensive,18.0,20.0,"Hawaii received a DRPI score of 44.9 out of 100 (MODERATE tier), based on data from FEMA, BLS, NOAA, BEA, and the U.S. Census (2010–2024). The Ridge Regression model (LOO-CV R²=0.14) estimates a labor market stabilization period of 21 months following a major disaster event (90% prediction interval: 15–28 months). The state recorded an average FEMA disaster exposure of 3.4 declarations per 12-month window and average per-capita damage of $263. Its Compound Vulnerability Index (CVI) is 0.309 and fiscal capacity stands at $13,901 per capita. The labor instability classifier assigned a CRITICAL tier, based on an unemployment shock of +19.7 percentage points recorded during the COVID-19 period. The state's economic structure is classified as Government-Intensive (54% service sector share of GDP).","drpi-moderate, recovery-21mo, instability-critical, government-intensive, cvi-0.31"
Mississippi,MS,15.1,8.7,21.5,CRITICAL,0.163,0.118,0.339,0.379,44.6,MODERATE,60.2778,80.688,9386.0,0.4752,0.6801,0.4559,0.143,0.742,0.3419,6.4217,2.4031,5.58,9.22,50.55,21.23,2.79,16.59,Industry-Intensive,11.5,12.0,"Mississippi received a DRPI score of 44.6 out of 100 (MODERATE tier), based on data from FEMA, BLS, NOAA, BEA, and the U.S. Census (2010–2024). The Ridge Regression model (LOO-CV R²=0.14) estimates a labor market stabilization period of 15 months following a major disaster event (90% prediction interval: 9–22 months). The state recorded an average FEMA disaster exposure of 60.3 declarations per 12-month window and average per-capita damage of $81. Its Compound Vulnerability Index (CVI) is 0.475 and fiscal capacity stands at $9,386 per capita. The labor instability classifier assigned a CRITICAL tier, based on an unemployment shock of +9.2 percentage points recorded during the COVID-19 period. The state's economic structure is classified as Industry-Intensive (51% service sector share of GDP).","drpi-moderate, recovery-15mo, instability-critical, industry-intensive, cvi-0.48"
Kentucky,KY,15.4,9.0,21.8,HIGH,0.131,0.12,0.394,0.355,44.1,MODERATE,74.25,7.48,10693.0,0.4489,0.587,0.5644,0.0104,0.6379,0.4217,5.9967,2.1695,4.11,11.99,53.53,22.37,2.39,12.5,Industry-Intensive,11.5,6.0,"Kentucky received a DRPI score of 44.1 out of 100 (MODERATE tier), based on data from FEMA, BLS, NOAA, BEA, and the U.S. Census (2010–2024). The Ridge Regression model (LOO-CV R²=0.14) estimates a labor market stabilization period of 15 months following a major disaster event (90% prediction interval: 9–22 months). The state recorded an average FEMA disaster exposure of 74.2 declarations per 12-month window and average per-capita damage of $7. Its Compound Vulnerability Index (CVI) is 0.449 and fiscal capacity stands at $10,693 per capita. The labor instability classifier assigned a HIGH tier, based on an unemployment shock of +12.0 percentage points recorded during the COVID-19 period. The state's economic structure is classified as Industry-Intensive (54% service sector share of GDP).","drpi-moderate, recovery-15mo, instability-high, industry-intensive, cvi-0.45"
Oregon,OR,19.0,12.6,25.4,HIGH,0.079,0.156,0.592,0.173,42.9,MODERATE,17.8944,64.5333,11456.0,0.3988,0.6822,0.1266,0.1137,0.5771,0.5818,5.9872,2.4084,3.6,9.7,59.51,18.61,1.9,12.79,Service-Dominated,16.2,18.0,"Oregon received a DRPI score of 42.9 out of 100 (MODERATE tier), based on data from FEMA, BLS, NOAA, BEA, and the U.S. Census (2010–2024). The Ridge Regression model (LOO-CV R²=0.14) estimates a labor market stabilization period of 19 months following a major disaster event (90% prediction interval: 13–25 months). The state recorded an average FEMA disaster exposure of 17.9 declarations per 12-month window and average per-capita damage of $65. Its Compound Vulnerability Index (CVI) is 0.399 and fiscal capacity stands at $11,456 per capita. The labor instability classifier assigned a HIGH tier, based on an unemployment shock of +9.7 percentage points recorded during the COVID-19 period. The state's economic structure is classified as Service-Dominated (60% service sector share of GDP).","drpi-moderate, recovery-19mo, instability-high, service-dominated, cvi-0.40"
Illinois,IL,18.0,11.6,24.4,CRITICAL,0.023,0.078,0.33,0.57,42.5,MODERATE,29.1222,24.9683,9265.0,0.4383,0.6324,0.2138,0.0421,0.7516,0.7036,6.6778,2.2835,3.88,14.02,64.06,17.29,1.19,9.33,Service-Dominated,16.2,20.0,"Illinois received a DRPI score of 42.5 out of 100 (MODERATE tier), based on data from FEMA, BLS, NOAA, BEA, and the U.S. Census (2010–2024). The Ridge Regression model (LOO-CV R²=0.14) estimates a labor market stabilization period of 18 months following a major disaster event (90% prediction interval: 12–24 months). The state recorded an average FEMA disaster exposure of 29.1 declarations per 12-month window and average per-capita damage of $25. Its Compound Vulnerability Index (CVI) is 0.438 and fiscal capacity stands at $9,265 per capita. The labor instability classifier assigned a CRITICAL tier, based on an unemployment shock of +14.0 percentage points recorded during the COVID-19 period. The state's economic structure is classified as Service-Dominated (64% service sector share of GDP).","drpi-moderate, recovery-18mo, instability-critical, service-dominated, cvi-0.44"
Maine,ME,16.6,10.2,23.0,MODERATE,0.286,0.451,0.14,0.123,41.9,MODERATE,47.9,11.7235,9878.0,0.4483,0.5668,0.3597,0.0181,0.7028,0.7178,4.7856,2.1187,2.96,6.24,64.59,14.59,1.33,11.99,Service-Dominated,16.2,5.0,"Maine received a DRPI score of 41.9 out of 100 (MODERATE tier), based on data from FEMA, BLS, NOAA, BEA, and the U.S. Census (2010–2024). The Ridge Regression model (LOO-CV R²=0.14) estimates a labor market stabilization period of 17 months following a major disaster event (90% prediction interval: 10–23 months). The state recorded an average FEMA disaster exposure of 47.9 declarations per 12-month window and average per-capita damage of $12. Its Compound Vulnerability Index (CVI) is 0.448 and fiscal capacity stands at $9,878 per capita. The labor instability classifier assigned a MODERATE tier, based on an unemployment shock of +6.2 percentage points recorded during the COVID-19 period. The state's economic structure is classified as Service-Dominated (65% service sector share of GDP).","drpi-moderate, recovery-17mo, instability-moderate, service-dominated, cvi-0.45"
Washington,WA,18.1,11.7,24.5,HIGH,0.032,0.132,0.567,0.269,41.5,MODERATE,28.8111,28.446,9454.0,0.4279,0.5494,0.2114,0.0484,0.7365,0.7839,6.0711,2.075,4.12,12.38,67.06,13.66,1.27,11.79,Service-Dominated,16.2,17.0,"Washington received a DRPI score of 41.5 out of 100 (MODERATE tier), based on data from FEMA, BLS, NOAA, BEA, and the U.S. Census (2010–2024). The Ridge Regression model (LOO-CV R²=0.14) estimates a labor market stabilization period of 18 months following a major disaster event (90% prediction interval: 12–24 months). The state recorded an average FEMA disaster exposure of 28.8 declarations per 12-month window and average per-capita damage of $28. Its Compound Vulnerability Index (CVI) is 0.428 and fiscal capacity stands at $9,454 per capita. The labor instability classifier assigned a HIGH tier, based on an unemployment shock of +12.4 percentage points recorded during the COVID-19 period. The state's economic structure is classified as Service-Dominated (67% service sector share of GDP).","drpi-moderate, recovery-18mo, instability-high, service-dominated, cvi-0.43"
Vermont,VT,20.3,13.9,26.7,MODERATE,0.154,0.408,0.22,0.219,41.3,MODERATE,14.8056,175.9835,13974.0,0.3103,0.2724,0.1026,0.3156,0.3767,0.6463,3.6478,1.3801,2.08,11.92,61.92,13.99,1.74,13.78,Service-Dominated,16.2,18.0,"Vermont received a DRPI score of 41.3 out of 100 (MODERATE tier), based on data from FEMA, BLS, NOAA, BEA, and the U.S. Census (2010–2024). The Ridge Regression model (LOO-CV R²=0.14) estimates a labor market stabilization period of 20 months following a major disaster event (90% prediction interval: 14–27 months). The state recorded an average FEMA disaster exposure of 14.8 declarations per 12-month window and average per-capita damage of $176. Its Compound Vulnerability Index (CVI) is 0.310 and fiscal capacity stands at $13,974 per capita. The labor instability classifier assigned a MODERATE tier, based on an unemployment shock of +11.9 percentage points recorded during the COVID-19 period. The state's economic structure is classified as Service-Dominated (62% service sector share of GDP).","drpi-moderate, recovery-20mo, instability-moderate, service-dominated, cvi-0.31"
Colorado,CO,17.1,10.7,23.5,HIGH,0.16,0.214,0.421,0.205,41.1,MODERATE,15.7944,105.1085,7635.0,0.4654,0.6672,0.1103,0.1872,0.8814,0.676,5.0456,2.3706,2.76,8.14,63.03,13.15,4.14,11.51,Resource-Intensive,14.4,24.0,"Colorado received a DRPI score of 41.1 out of 100 (MODERATE tier), based on data from FEMA, BLS, NOAA, BEA, and the U.S. Census (2010–2024). The Ridge Regression model (LOO-CV R²=0.14) estimates a labor market stabilization period of 17 months following a major disaster event (90% prediction interval: 11–24 months). The state recorded an average FEMA disaster exposure of 15.8 declarations per 12-month window and average per-capita damage of $105. Its Compound Vulnerability Index (CVI) is 0.465 and fiscal capacity stands at $7,635 per capita. The labor instability classifier assigned a HIGH tier, based on an unemployment shock of +8.1 percentage points recorded during the COVID-19 period. The state's economic structure is classified as Resource-Intensive (63% service sector share of GDP).","drpi-moderate, recovery-17mo, instability-high, resource-intensive, cvi-0.47"
Connecticut,CT,18.8,12.4,25.2,MODERATE,0.287,0.55,0.118,0.045,38.6,MODERATE,9.9833,3.8529,10837.0,0.394,0.6371,0.0651,0.0038,0.6264,0.8244,5.9133,2.2953,3.64,4.16,68.57,16.28,0.19,9.44,Service-Dominated,16.2,24.0,"Connecticut received a DRPI score of 38.6 out of 100 (MODERATE tier), based on data from FEMA, BLS, NOAA, BEA, and the U.S. Census (2010–2024). The Ridge Regression model (LOO-CV R²=0.14) estimates a labor market stabilization period of 19 months following a major disaster event (90% prediction interval: 12–25 months). The state recorded an average FEMA disaster exposure of 10.0 declarations per 12-month window and average per-capita damage of $4. Its Compound Vulnerability Index (CVI) is 0.394 and fiscal capacity stands at $10,837 per capita. The labor instability classifier assigned a MODERATE tier, based on an unemployment shock of +4.2 percentage points recorded during the COVID-19 period. The state's economic structure is classified as Service-Dominated (69% service sector share of GDP).","drpi-moderate, recovery-19mo, instability-moderate, service-dominated, cvi-0.39"
Massachusetts,MA,19.8,13.4,26.2,MODERATE,0.034,0.45,0.334,0.182,37.2,MODERATE,12.0222,6.4961,11732.0,0.3385,0.3983,0.081,0.0086,0.5552,0.891,5.2917,1.696,3.03,14.17,71.06,13.98,0.17,9.07,Service-Dominated,16.2,24.0,"Massachusetts received a DRPI score of 37.2 out of 100 (MODERATE tier), based on data from FEMA, BLS, NOAA, BEA, and the U.S. Census (2010–2024). The Ridge Regression model (LOO-CV R²=0.14) estimates a labor market stabilization period of 20 months following a major disaster event (90% prediction interval: 13–26 months). The state recorded an average FEMA disaster exposure of 12.0 declarations per 12-month window and average per-capita damage of $6. Its Compound Vulnerability Index (CVI) is 0.339 and fiscal capacity stands at $11,732 per capita. The labor instability classifier assigned a MODERATE tier, based on an unemployment shock of +14.2 percentage points recorded during the COVID-19 period. The state's economic structure is classified as Service-Dominated (71% service sector share of GDP).","drpi-moderate, recovery-20mo, instability-moderate, service-dominated, cvi-0.34"
Virginia,VA,14.4,8.0,20.8,LOW,0.449,0.26,0.223,0.068,36.6,MODERATE,68.6833,8.1507,9695.0,0.4169,0.3073,0.5212,0.0116,0.7174,0.6659,4.3917,1.4676,2.7,8.3,62.65,13.66,0.65,17.03,Government-Intensive,18.0,18.0,"Virginia received a DRPI score of 36.6 out of 100 (MODERATE tier), based on data from FEMA, BLS, NOAA, BEA, and the U.S. Census (2010–2024). The Ridge Regression model (LOO-CV R²=0.14) estimates a labor market stabilization period of 14 months following a major disaster event (90% prediction interval: 8–21 months). The state recorded an average FEMA disaster exposure of 68.7 declarations per 12-month window and average per-capita damage of $8. Its Compound Vulnerability Index (CVI) is 0.417 and fiscal capacity stands at $9,695 per capita. The labor instability classifier assigned a LOW tier, based on an unemployment shock of +8.3 percentage points recorded during the COVID-19 period. The state's economic structure is classified as Government-Intensive (63% service sector share of GDP).","drpi-moderate, recovery-14mo, instability-low, government-intensive, cvi-0.42"
Delaware,DE,20.6,14.2,27.0,MODERATE,0.101,0.661,0.163,0.075,35.2,MODERATE,1.6,1.7331,13364.0,0.2969,0.3671,0.0,0.0,0.4252,0.9422,5.3678,1.6177,3.7,9.0,72.97,12.21,0.79,9.33,Service-Dominated,16.2,19.0,"Delaware received a DRPI score of 35.2 out of 100 (MODERATE tier), based on data from FEMA, BLS, NOAA, BEA, and the U.S. Census (2010–2024). The Ridge Regression model (LOO-CV R²=0.14) estimates a labor market stabilization period of 21 months following a major disaster event (90% prediction interval: 14–27 months). The state recorded an average FEMA disaster exposure of 1.6 declarations per 12-month window and average per-capita damage of $2. Its Compound Vulnerability Index (CVI) is 0.297 and fiscal capacity stands at $13,364 per capita. The labor instability classifier assigned a MODERATE tier, based on an unemployment shock of +9.0 percentage points recorded during the COVID-19 period. The state's economic structure is classified as Service-Dominated (73% service sector share of GDP).","drpi-moderate, recovery-21mo, instability-moderate, service-dominated, cvi-0.30"
Minnesota,MN,15.7,9.3,22.1,LOW,0.604,0.306,0.074,0.016,33.9,MODERATE,44.0889,13.1893,10982.0,0.3688,0.3504,0.3301,0.0207,0.6149,0.6822,4.3056,1.5756,3.34,5.26,63.26,18.48,2.34,9.5,Service-Dominated,16.2,13.0,"Minnesota received a DRPI score of 33.9 out of 100 (MODERATE tier), based on data from FEMA, BLS, NOAA, BEA, and the U.S. Census (2010–2024). The Ridge Regression model (LOO-CV R²=0.14) estimates a labor market stabilization period of 16 months following a major disaster event (90% prediction interval: 9–22 months). The state recorded an average FEMA disaster exposure of 44.1 declarations per 12-month window and average per-capita damage of $13. Its Compound Vulnerability Index (CVI) is 0.369 and fiscal capacity stands at $10,982 per capita. The labor instability classifier assigned a LOW tier, based on an unemployment shock of +5.3 percentage points recorded during the COVID-19 period. The state's economic structure is classified as Service-Dominated (63% service sector share of GDP).","drpi-moderate, recovery-16mo, instability-low, service-dominated, cvi-0.37"
Arizona,AZ,16.4,10.0,22.8,HIGH,0.111,0.192,0.606,0.091,33.6,MODERATE,9.8667,37.0141,8046.0,0.4078,0.6046,0.0642,0.0639,0.8486,0.6701,6.1961,2.2138,4.77,8.43,62.81,16.44,1.87,11.26,Service-Dominated,16.2,16.0,"Arizona received a DRPI score of 33.6 out of 100 (MODERATE tier), based on data from FEMA, BLS, NOAA, BEA, and the U.S. Census (2010–2024). The Ridge Regression model (LOO-CV R²=0.14) estimates a labor market stabilization period of 16 months following a major disaster event (90% prediction interval: 10–23 months). The state recorded an average FEMA disaster exposure of 9.9 declarations per 12-month window and average per-capita damage of $37. Its Compound Vulnerability Index (CVI) is 0.408 and fiscal capacity stands at $8,046 per capita. The labor instability classifier assigned a HIGH tier, based on an unemployment shock of +8.4 percentage points recorded during the COVID-19 period. The state's economic structure is classified as Service-Dominated (63% service sector share of GDP).","drpi-moderate, recovery-16mo, instability-high, service-dominated, cvi-0.41"
Iowa,IA,14.1,7.7,20.5,LOW,0.752,0.132,0.065,0.051,33.5,MODERATE,50.3889,148.704,10067.0,0.3718,0.2162,0.379,0.2662,0.6877,0.4442,3.95,1.2389,2.67,8.03,54.37,22.96,5.6,10.73,Resource-Intensive,14.4,17.0,"Iowa received a DRPI score of 33.5 out of 100 (MODERATE tier), based on data from FEMA, BLS, NOAA, BEA, and the U.S. Census (2010–2024). The Ridge Regression model (LOO-CV R²=0.14) estimates a labor market stabilization period of 14 months following a major disaster event (90% prediction interval: 8–20 months). The state recorded an average FEMA disaster exposure of 50.4 declarations per 12-month window and average per-capita damage of $149. Its Compound Vulnerability Index (CVI) is 0.372 and fiscal capacity stands at $10,067 per capita. The labor instability classifier assigned a LOW tier, based on an unemployment shock of +8.0 percentage points recorded during the COVID-19 period. The state's economic structure is classified as Resource-Intensive (54% service sector share of GDP).","drpi-moderate, recovery-14mo, instability-low, resource-intensive, cvi-0.37"
Arkansas,AR,14.5,8.1,20.9,LOW,0.431,0.398,0.117,0.054,33.3,MODERATE,40.85,48.4854,9496.0,0.3935,0.469,0.3049,0.0847,0.7332,0.4876,5.0428,1.8732,3.58,6.02,55.99,21.05,2.81,12.1,Industry-Intensive,11.5,16.0,"Arkansas received a DRPI score of 33.3 out of 100 (MODERATE tier), based on data from FEMA, BLS, NOAA, BEA, and the U.S. Census (2010–2024). The Ridge Regression model (LOO-CV R²=0.14) estimates a labor market stabilization period of 14 months following a major disaster event (90% prediction interval: 8–21 months). The state recorded an average FEMA disaster exposure of 40.9 declarations per 12-month window and average per-capita damage of $48. Its Compound Vulnerability Index (CVI) is 0.394 and fiscal capacity stands at $9,496 per capita. The labor instability classifier assigned a LOW tier, based on an unemployment shock of +6.0 percentage points recorded during the COVID-19 period. The state's economic structure is classified as Industry-Intensive (56% service sector share of GDP).","drpi-moderate, recovery-14mo, instability-low, industry-intensive, cvi-0.39"
Idaho,ID,15.9,9.5,22.3,HIGH,0.128,0.167,0.613,0.092,33.1,MODERATE,11.6833,40.3981,8080.0,0.4054,0.6431,0.0783,0.07,0.8459,0.5609,4.7983,2.3103,2.82,8.68,58.73,17.17,5.26,11.65,Resource-Intensive,14.4,16.0,"Idaho received a DRPI score of 33.1 out of 100 (MODERATE tier), based on data from FEMA, BLS, NOAA, BEA, and the U.S. Census (2010–2024). The Ridge Regression model (LOO-CV R²=0.14) estimates a labor market stabilization period of 16 months following a major disaster event (90% prediction interval: 10–22 months). The state recorded an average FEMA disaster exposure of 11.7 declarations per 12-month window and average per-capita damage of $40. Its Compound Vulnerability Index (CVI) is 0.405 and fiscal capacity stands at $8,080 per capita. The labor instability classifier assigned a HIGH tier, based on an unemployment shock of +8.7 percentage points recorded during the COVID-19 period. The state's economic structure is classified as Resource-Intensive (59% service sector share of GDP).","drpi-moderate, recovery-16mo, instability-high, resource-intensive, cvi-0.41"
Ohio,OH,15.7,9.3,22.1,HIGH,0.043,0.121,0.62,0.215,33.0,MODERATE,25.8889,9.4236,8437.0,0.3973,0.525,0.1887,0.0139,0.8175,0.6233,5.8872,2.0138,4.19,11.71,61.06,20.22,1.41,10.35,Industry-Intensive,11.5,17.0,"Ohio received a DRPI score of 33.0 out of 100 (MODERATE tier), based on data from FEMA, BLS, NOAA, BEA, and the U.S. Census (2010–2024). The Ridge Regression model (LOO-CV R²=0.14) estimates a labor market stabilization period of 16 months following a major disaster event (90% prediction interval: 9–22 months). The state recorded an average FEMA disaster exposure of 25.9 declarations per 12-month window and average per-capita damage of $9. Its Compound Vulnerability Index (CVI) is 0.397 and fiscal capacity stands at $8,437 per capita. The labor instability classifier assigned a HIGH tier, based on an unemployment shock of +11.7 percentage points recorded during the COVID-19 period. The state's economic structure is classified as Industry-Intensive (61% service sector share of GDP).","drpi-moderate, recovery-16mo, instability-high, industry-intensive, cvi-0.40"
Pennsylvania,PA,16.1,9.7,22.5,MODERATE,0.065,0.541,0.309,0.085,31.6,MODERATE,28.5556,6.2017,9676.0,0.3619,0.3663,0.2094,0.0081,0.7189,0.7237,5.8044,1.6157,4.36,10.74,64.81,16.72,2.05,9.14,Service-Dominated,16.2,18.0,"Pennsylvania received a DRPI score of 31.6 out of 100 (MODERATE tier), based on data from FEMA, BLS, NOAA, BEA, and the U.S. Census (2010–2024). The Ridge Regression model (LOO-CV R²=0.14) estimates a labor market stabilization period of 16 months following a major disaster event (90% prediction interval: 10–22 months). The state recorded an average FEMA disaster exposure of 28.6 declarations per 12-month window and average per-capita damage of $6. Its Compound Vulnerability Index (CVI) is 0.362 and fiscal capacity stands at $9,676 per capita. The labor instability classifier assigned a MODERATE tier, based on an unemployment shock of +10.7 percentage points recorded during the COVID-19 period. The state's economic structure is classified as Service-Dominated (65% service sector share of GDP).","drpi-moderate, recovery-16mo, instability-moderate, service-dominated, cvi-0.36"
South Dakota,SD,13.0,6.6,19.4,LOW,0.503,0.213,0.218,0.066,31.5,MODERATE,48.75,166.5806,7513.0,0.4107,0.1283,0.3663,0.2986,0.8911,0.6246,3.1539,1.0183,2.65,6.15,61.11,13.41,8.84,10.49,Resource-Intensive,14.4,6.0,"South Dakota received a DRPI score of 31.5 out of 100 (MODERATE tier), based on data from FEMA, BLS, NOAA, BEA, and the U.S. Census (2010–2024). The Ridge Regression model (LOO-CV R²=0.14) estimates a labor market stabilization period of 13 months following a major disaster event (90% prediction interval: 7–19 months). The state recorded an average FEMA disaster exposure of 48.8 declarations per 12-month window and average per-capita damage of $167. Its Compound Vulnerability Index (CVI) is 0.411 and fiscal capacity stands at $7,513 per capita. The labor instability classifier assigned a LOW tier, based on an unemployment shock of +6.2 percentage points recorded during the COVID-19 period. The state's economic structure is classified as Resource-Intensive (61% service sector share of GDP).","drpi-moderate, recovery-13mo, instability-low, resource-intensive, cvi-0.41"
Wisconsin,WI,15.5,9.1,21.9,HIGH,0.068,0.249,0.516,0.167,30.2,MODERATE,18.3333,10.572,8762.0,0.3703,0.5351,0.13,0.016,0.7916,0.5475,4.7739,2.0392,3.22,10.78,58.23,22.83,1.79,10.46,Industry-Intensive,11.5,16.0,"Wisconsin received a DRPI score of 30.2 out of 100 (MODERATE tier), based on data from FEMA, BLS, NOAA, BEA, and the U.S. Census (2010–2024). The Ridge Regression model (LOO-CV R²=0.14) estimates a labor market stabilization period of 16 months following a major disaster event (90% prediction interval: 9–22 months). The state recorded an average FEMA disaster exposure of 18.3 declarations per 12-month window and average per-capita damage of $11. Its Compound Vulnerability Index (CVI) is 0.370 and fiscal capacity stands at $8,762 per capita. The labor instability classifier assigned a HIGH tier, based on an unemployment shock of +10.8 percentage points recorded during the COVID-19 period. The state's economic structure is classified as Industry-Intensive (58% service sector share of GDP).","drpi-moderate, recovery-16mo, instability-high, industry-intensive, cvi-0.37"
Kansas,KS,13.4,7.0,19.8,LOW,0.566,0.193,0.158,0.083,30.2,MODERATE,56.6167,35.0488,9753.0,0.3668,0.2675,0.4274,0.0603,0.7127,0.4942,4.3711,1.3677,3.12,8.68,56.24,20.65,3.81,12.27,Industry-Intensive,11.5,12.0,"Kansas received a DRPI score of 30.2 out of 100 (MODERATE tier), based on data from FEMA, BLS, NOAA, BEA, and the U.S. Census (2010–2024). The Ridge Regression model (LOO-CV R²=0.14) estimates a labor market stabilization period of 13 months following a major disaster event (90% prediction interval: 7–20 months). The state recorded an average FEMA disaster exposure of 56.6 declarations per 12-month window and average per-capita damage of $35. Its Compound Vulnerability Index (CVI) is 0.367 and fiscal capacity stands at $9,753 per capita. The labor instability classifier assigned a LOW tier, based on an unemployment shock of +8.7 percentage points recorded during the COVID-19 period. The state's economic structure is classified as Industry-Intensive (56% service sector share of GDP).","drpi-moderate, recovery-13mo, instability-low, industry-intensive, cvi-0.37"
Indiana,IN,14.7,8.3,21.1,CRITICAL,0.127,0.176,0.32,0.377,30.2,MODERATE,20.5667,4.7153,8356.0,0.3798,0.6736,0.1474,0.0054,0.824,0.3323,5.4689,2.3868,3.32,13.18,50.19,31.55,1.77,8.93,Industry-Intensive,11.5,16.0,"Indiana received a DRPI score of 30.2 out of 100 (MODERATE tier), based on data from FEMA, BLS, NOAA, BEA, and the U.S. Census (2010–2024). The Ridge Regression model (LOO-CV R²=0.14) estimates a labor market stabilization period of 15 months following a major disaster event (90% prediction interval: 8–21 months). The state recorded an average FEMA disaster exposure of 20.6 declarations per 12-month window and average per-capita damage of $5. Its Compound Vulnerability Index (CVI) is 0.380 and fiscal capacity stands at $8,356 per capita. The labor instability classifier assigned a CRITICAL tier, based on an unemployment shock of +13.2 percentage points recorded during the COVID-19 period. The state's economic structure is classified as Industry-Intensive (50% service sector share of GDP).","drpi-moderate, recovery-15mo, instability-critical, industry-intensive, cvi-0.38"
New Mexico,NM,18.5,12.1,24.9,LOW,0.823,0.12,0.033,0.024,29.0,MODERATE,19.6667,44.604,18705.0,0.167,0.2857,0.1404,0.0776,0.0,0.2996,6.115,1.4134,5.1,3.3,48.97,9.61,11.28,22.88,Resource-Intensive,14.4,19.0,"New Mexico received a DRPI score of 29.0 out of 100 (MODERATE tier), based on data from FEMA, BLS, NOAA, BEA, and the U.S. Census (2010–2024). The Ridge Regression model (LOO-CV R²=0.14) estimates a labor market stabilization period of 18 months following a major disaster event (90% prediction interval: 12–25 months). The state recorded an average FEMA disaster exposure of 19.7 declarations per 12-month window and average per-capita damage of $45. Its Compound Vulnerability Index (CVI) is 0.167 and fiscal capacity stands at $18,705 per capita. The labor instability classifier assigned a LOW tier, based on an unemployment shock of +3.3 percentage points recorded during the COVID-19 period. The state's economic structure is classified as Resource-Intensive (49% service sector share of GDP).","drpi-moderate, recovery-18mo, instability-low, resource-intensive, cvi-0.17"
Oklahoma,OK,10.5,4.1,16.9,LOW,0.621,0.105,0.161,0.113,27.7,MODERATE,79.5056,73.4032,8839.0,0.377,0.1586,0.6052,0.1298,0.7855,0.2817,4.3856,1.0944,3.12,8.98,48.3,14.58,11.87,16.01,Resource-Intensive,14.4,17.0,"Oklahoma received a DRPI score of 27.7 out of 100 (MODERATE tier), based on data from FEMA, BLS, NOAA, BEA, and the U.S. Census (2010–2024). The Ridge Regression model (LOO-CV R²=0.14) estimates a labor market stabilization period of 10 months following a major disaster event (90% prediction interval: 4–17 months). The state recorded an average FEMA disaster exposure of 79.5 declarations per 12-month window and average per-capita damage of $73. Its Compound Vulnerability Index (CVI) is 0.377 and fiscal capacity stands at $8,839 per capita. The labor instability classifier assigned a LOW tier, based on an unemployment shock of +9.0 percentage points recorded during the COVID-19 period. The state's economic structure is classified as Resource-Intensive (48% service sector share of GDP).","drpi-moderate, recovery-10mo, instability-low, resource-intensive, cvi-0.38"
Maryland,MD,15.1,8.7,21.5,LOW,0.488,0.427,0.064,0.021,25.9,MODERATE,14.0667,3.6647,9688.0,0.3324,0.444,0.0969,0.0035,0.7179,0.5922,4.9783,1.8107,3.33,5.27,59.9,13.06,0.34,20.68,Government-Intensive,18.0,19.0,"Maryland received a DRPI score of 25.9 out of 100 (MODERATE tier), based on data from FEMA, BLS, NOAA, BEA, and the U.S. Census (2010–2024). The Ridge Regression model (LOO-CV R²=0.14) estimates a labor market stabilization period of 15 months following a major disaster event (90% prediction interval: 9–22 months). The state recorded an average FEMA disaster exposure of 14.1 declarations per 12-month window and average per-capita damage of $4. Its Compound Vulnerability Index (CVI) is 0.332 and fiscal capacity stands at $9,688 per capita. The labor instability classifier assigned a LOW tier, based on an unemployment shock of +5.3 percentage points recorded during the COVID-19 period. The state's economic structure is classified as Government-Intensive (60% service sector share of GDP).","drpi-moderate, recovery-15mo, instability-low, government-intensive, cvi-0.33"
Utah,UT,15.4,9.0,21.8,MODERATE,0.254,0.614,0.091,0.042,25.5,MODERATE,9.0056,9.0338,9472.0,0.3263,0.434,0.0575,0.0132,0.7351,0.6035,3.9544,1.7856,2.49,7.31,60.32,19.87,2.27,10.85,Service-Dominated,16.2,13.0,"Utah received a DRPI score of 25.5 out of 100 (MODERATE tier), based on data from FEMA, BLS, NOAA, BEA, and the U.S. Census (2010–2024). The Ridge Regression model (LOO-CV R²=0.14) estimates a labor market stabilization period of 15 months following a major disaster event (90% prediction interval: 9–22 months). The state recorded an average FEMA disaster exposure of 9.0 declarations per 12-month window and average per-capita damage of $9. Its Compound Vulnerability Index (CVI) is 0.326 and fiscal capacity stands at $9,472 per capita. The labor instability classifier assigned a MODERATE tier, based on an unemployment shock of +7.3 percentage points recorded during the COVID-19 period. The state's economic structure is classified as Service-Dominated (60% service sector share of GDP).","drpi-moderate, recovery-15mo, instability-moderate, service-dominated, cvi-0.33"
New Hampshire,NH,15.4,9.0,21.8,MODERATE,0.02,0.498,0.276,0.206,24.7,LOW,8.5056,10.5983,7328.0,0.3475,0.2836,0.0536,0.0161,0.9058,0.8276,3.8894,1.4081,2.55,13.25,68.69,14.36,0.43,9.7,Service-Dominated,16.2,17.0,"New Hampshire received a DRPI score of 24.7 out of 100 (LOW tier), based on data from FEMA, BLS, NOAA, BEA, and the U.S. Census (2010–2024). The Ridge Regression model (LOO-CV R²=0.14) estimates a labor market stabilization period of 15 months following a major disaster event (90% prediction interval: 9–22 months). The state recorded an average FEMA disaster exposure of 8.5 declarations per 12-month window and average per-capita damage of $11. Its Compound Vulnerability Index (CVI) is 0.347 and fiscal capacity stands at $7,328 per capita. The labor instability classifier assigned a MODERATE tier, based on an unemployment shock of +13.2 percentage points recorded during the COVID-19 period. The state's economic structure is classified as Service-Dominated (69% service sector share of GDP).","drpi-low, recovery-15mo, instability-moderate, service-dominated, cvi-0.35"
West Virginia,WV,13.3,6.9,19.7,MODERATE,0.24,0.456,0.175,0.128,23.6,LOW,35.4278,15.8852,10463.0,0.2986,0.3404,0.2628,0.0256,0.6562,0.295,5.9839,1.5507,5.02,10.58,48.8,15.86,13.42,15.51,Resource-Intensive,14.4,13.0,"West Virginia received a DRPI score of 23.6 out of 100 (LOW tier), based on data from FEMA, BLS, NOAA, BEA, and the U.S. Census (2010–2024). The Ridge Regression model (LOO-CV R²=0.14) estimates a labor market stabilization period of 13 months following a major disaster event (90% prediction interval: 7–20 months). The state recorded an average FEMA disaster exposure of 35.4 declarations per 12-month window and average per-capita damage of $16. Its Compound Vulnerability Index (CVI) is 0.299 and fiscal capacity stands at $10,463 per capita. The labor instability classifier assigned a MODERATE tier, based on an unemployment shock of +10.6 percentage points recorded during the COVID-19 period. The state's economic structure is classified as Resource-Intensive (49% service sector share of GDP).","drpi-low, recovery-13mo, instability-moderate, resource-intensive, cvi-0.30"
Nebraska,NE,11.5,5.1,17.9,LOW,0.716,0.147,0.068,0.069,23.6,LOW,50.0722,135.1745,8581.0,0.3408,0.03,0.3766,0.2417,0.8061,0.4661,3.2722,0.7717,3.2,4.8,55.19,17.96,6.09,11.46,Resource-Intensive,14.4,4.0,"Nebraska received a DRPI score of 23.6 out of 100 (LOW tier), based on data from FEMA, BLS, NOAA, BEA, and the U.S. Census (2010–2024). The Ridge Regression model (LOO-CV R²=0.14) estimates a labor market stabilization period of 12 months following a major disaster event (90% prediction interval: 5–18 months). The state recorded an average FEMA disaster exposure of 50.1 declarations per 12-month window and average per-capita damage of $135. Its Compound Vulnerability Index (CVI) is 0.341 and fiscal capacity stands at $8,581 per capita. The labor instability classifier assigned a LOW tier, based on an unemployment shock of +4.8 percentage points recorded during the COVID-19 period. The state's economic structure is classified as Resource-Intensive (55% service sector share of GDP).","drpi-low, recovery-12mo, instability-low, resource-intensive, cvi-0.34"
Montana,MT,13.9,7.5,20.3,MODERATE,0.302,0.551,0.089,0.058,22.5,LOW,22.4444,12.1302,9671.0,0.3057,0.3235,0.1619,0.0188,0.7193,0.4843,4.4683,1.5083,3.52,8.28,55.87,13.86,6.96,13.52,Resource-Intensive,14.4,6.0,"Montana received a DRPI score of 22.5 out of 100 (LOW tier), based on data from FEMA, BLS, NOAA, BEA, and the U.S. Census (2010–2024). The Ridge Regression model (LOO-CV R²=0.14) estimates a labor market stabilization period of 14 months following a major disaster event (90% prediction interval: 8–20 months). The state recorded an average FEMA disaster exposure of 22.4 declarations per 12-month window and average per-capita damage of $12. Its Compound Vulnerability Index (CVI) is 0.306 and fiscal capacity stands at $9,671 per capita. The labor instability classifier assigned a MODERATE tier, based on an unemployment shock of +8.3 percentage points recorded during the COVID-19 period. The state's economic structure is classified as Resource-Intensive (56% service sector share of GDP).","drpi-low, recovery-14mo, instability-moderate, resource-intensive, cvi-0.31"
North Dakota,ND,13.4,7.0,19.8,LOW,0.855,0.098,0.023,0.024,16.7,LOW,34.55,69.5778,14849.0,0.1614,0.0,0.256,0.1229,0.307,0.1783,2.875,0.6964,2.12,6.28,44.44,15.03,22.64,10.46,Resource-Intensive,14.4,16.0,"North Dakota received a DRPI score of 16.7 out of 100 (LOW tier), based on data from FEMA, BLS, NOAA, BEA, and the U.S. Census (2010–2024). The Ridge Regression model (LOO-CV R²=0.14) estimates a labor market stabilization period of 13 months following a major disaster event (90% prediction interval: 7–20 months). The state recorded an average FEMA disaster exposure of 34.5 declarations per 12-month window and average per-capita damage of $70. Its Compound Vulnerability Index (CVI) is 0.161 and fiscal capacity stands at $14,849 per capita. The labor instability classifier assigned a LOW tier, based on an unemployment shock of +6.3 percentage points recorded during the COVID-19 period. The state's economic structure is classified as Resource-Intensive (44% service sector share of GDP).","drpi-low, recovery-13mo, instability-low, resource-intensive, cvi-0.16"
Alaska,AK,13.4,7.0,19.8,LOW,0.823,0.132,0.016,0.029,13.5,LOW,13.5278,20.1924,14315.0,0.1518,0.2631,0.0927,0.0334,0.3495,0.0252,6.3633,1.3568,5.46,6.34,38.72,9.06,14.77,19.57,Resource-Intensive,14.4,15.0,"Alaska received a DRPI score of 13.5 out of 100 (LOW tier), based on data from FEMA, BLS, NOAA, BEA, and the U.S. Census (2010–2024). The Ridge Regression model (LOO-CV R²=0.14) estimates a labor market stabilization period of 13 months following a major disaster event (90% prediction interval: 7–20 months). The state recorded an average FEMA disaster exposure of 13.5 declarations per 12-month window and average per-capita damage of $20. Its Compound Vulnerability Index (CVI) is 0.152 and fiscal capacity stands at $14,315 per capita. The labor instability classifier assigned a LOW tier, based on an unemployment shock of +6.3 percentage points recorded during the COVID-19 period. The state's economic structure is classified as Resource-Intensive (39% service sector share of GDP).","drpi-low, recovery-13mo, instability-low, resource-intensive, cvi-0.15"
Wyoming,WY,11.7,5.3,18.1,LOW,0.798,0.141,0.022,0.04,6.6,LOW,6.1611,21.8678,13516.0,0.1309,0.2111,0.0354,0.0365,0.4131,0.0,4.6122,1.2262,4.02,0.88,37.78,15.71,18.35,15.43,Resource-Intensive,14.4,15.0,"Wyoming received a DRPI score of 6.6 out of 100 (LOW tier), based on data from FEMA, BLS, NOAA, BEA, and the U.S. Census (2010–2024). The Ridge Regression model (LOO-CV R²=0.14) estimates a labor market stabilization period of 12 months following a major disaster event (90% prediction interval: 5–18 months). The state recorded an average FEMA disaster exposure of 6.2 declarations per 12-month window and average per-capita damage of $22. Its Compound Vulnerability Index (CVI) is 0.131 and fiscal capacity stands at $13,516 per capita. The labor instability classifier assigned a LOW tier, based on an unemployment shock of +0.9 percentage points recorded during the COVID-19 period. The state's economic structure is classified as Resource-Intensive (38% service sector share of GDP).","drpi-low, recovery-12mo, instability-low, resource-intensive, cvi-0.13"
